{"cameraMode":{"drawMode":0,"name":"Shaded","section":"Shading Mode"},"sceneLighting":false,"audioPlay":false,"sceneViewState":{"m_AlwaysRefresh":false,"showFog":true,"showSkybox":false,"showFlares":true,"showImageEffects":true,"showParticleSystems":true,"showVisualEffectGraphs":true,"m_FxEnabled":true},"in2DMode":false,"pivot":{"x":-0.07143878936767578,"y":1.0991697311401368,"z":-0.005855351686477661},"rotation":{"x":0.2070976048707962,"y":0.08098354935646057,"z":-0.018285278230905534,"w":0.9749396443367004},"size":2.1402556896209719,"orthographic":false}