{"cameraMode":{"drawMode":0,"name":"Shaded","section":"Shading Mode"},"sceneLighting":false,"audioPlay":false,"sceneViewState":{"m_AlwaysRefresh":false,"showFog":true,"showSkybox":false,"showFlares":true,"showImageEffects":true,"showParticleSystems":true,"showVisualEffectGraphs":true,"m_FxEnabled":true},"in2DMode":false,"pivot":{"x":5.073121070861816,"y":0.3811390697956085,"z":5.3281779289245609},"rotation":{"x":0.00016254854563158005,"y":0.9995359182357788,"z":-0.0053952401503920559,"w":0.030291158705949785},"size":5.167990684509277,"orthographic":true}