{"cameraMode":{"drawMode":0,"name":"Shaded","section":"Shading Mode"},"sceneLighting":false,"audioPlay":false,"sceneViewState":{"m_AlwaysRefresh":false,"showFog":true,"showSkybox":false,"showFlares":true,"showImageEffects":true,"showParticleSystems":true,"showVisualEffectGraphs":true,"m_FxEnabled":true},"in2DMode":false,"pivot":{"x":-0.5908823013305664,"y":0.06617431342601776,"z":9.173959732055664},"rotation":{"x":-0.3665415644645691,"y":0.2524845004081726,"z":-0.10404559224843979,"w":-0.8894349336624146},"size":0.7226424813270569,"orthographic":true}